-- phpMyAdmin SQL Dump
-- version 5.2.1
-- https://www.phpmyadmin.net/
--
-- Host: 127.0.0.1
-- Generation Time: May 21, 2025 at 03:56 PM
-- Server version: 10.4.32-MariaDB
-- PHP Version: 8.2.12

SET SQL_MODE = "NO_AUTO_VALUE_ON_ZERO";
START TRANSACTION;
SET time_zone = "+00:00";


/*!40101 SET @OLD_CHARACTER_SET_CLIENT=@@CHARACTER_SET_CLIENT */;
/*!40101 SET @OLD_CHARACTER_SET_RESULTS=@@CHARACTER_SET_RESULTS */;
/*!40101 SET @OLD_COLLATION_CONNECTION=@@COLLATION_CONNECTION */;
/*!40101 SET NAMES utf8mb4 */;

--
-- Database: `dbmalware`
--

-- --------------------------------------------------------

--
-- Table structure for table `prediction_histories`
--

CREATE TABLE `prediction_histories` (
  `id` int(11) NOT NULL,
  `filename` varchar(255) NOT NULL,
  `prediction` varchar(255) NOT NULL,
  `probabilities` varchar(255) NOT NULL,
  `scanned_at` datetime DEFAULT current_timestamp(),
  `user_id` int(11) DEFAULT NULL,
  `session_id` int(11) DEFAULT NULL
) ENGINE=InnoDB DEFAULT CHARSET=utf8mb4 COLLATE=utf8mb4_unicode_ci;

--
-- Dumping data for table `prediction_histories`
--

INSERT INTO `prediction_histories` (`id`, `filename`, `prediction`, `probabilities`, `scanned_at`, `user_id`, `session_id`) VALUES
(1, 'Minute Meeting 10-05-2025.docx', 'Adware', '{\"Adware\": 0.7209155553152388, \"Benign\": 0.14209538759049156, \"Trojan\": 0.13698905709426965}', '2025-05-16 23:24:29', 1, 1),
(2, 'Minute Meeting 05-04-2025.docx', 'Adware', '{\"Adware\": 0.7209155553152388, \"Benign\": 0.14209538759049156, \"Trojan\": 0.13698905709426965}', '2025-05-16 23:24:46', 1, 2),
(3, 'Minute Meeting 10-05-2025.docx', 'Adware', '{\"Adware\": 0.7209155553152388, \"Benign\": 0.14209538759049156, \"Trojan\": 0.13698905709426965}', '2025-05-16 23:24:46', 1, 2),
(4, 'Minute Meeting 14-04-2025.docx', 'Adware', '{\"Adware\": 0.7209155553152388, \"Benign\": 0.14209538759049156, \"Trojan\": 0.13698905709426965}', '2025-05-16 23:24:46', 1, 2),
(5, 'Minute Meeting 25-04-2025.docx', 'Adware', '{\"Adware\": 0.7209155553152388, \"Benign\": 0.14209538759049156, \"Trojan\": 0.13698905709426965}', '2025-05-16 23:24:46', 1, 2),
(6, 'scan_report_session_1 (3).pdf', 'Adware', '{\"Adware\": 0.6909155553152388, \"Benign\": 0.13709538759049156, \"Trojan\": 0.17198905709426965}', '2025-05-17 02:59:36', 1, 5),
(7, 'scan_report_session_1 (2).pdf', 'Adware', '{\"Adware\": 0.6909155553152388, \"Benign\": 0.13709538759049156, \"Trojan\": 0.17198905709426965}', '2025-05-17 03:09:05', 1, 6),
(8, 'scan_report_session_1 (3).pdf', 'Adware', '{\"Adware\": 0.6909155553152388, \"Benign\": 0.13709538759049156, \"Trojan\": 0.17198905709426965}', '2025-05-17 03:18:03', 1, 7),
(9, 'scan_report_session_1 (4).pdf', 'Adware', '{\"Adware\": 0.6909155553152388, \"Benign\": 0.13709538759049156, \"Trojan\": 0.17198905709426965}', '2025-05-17 03:22:33', 1, 8),
(10, 'scan_report_session_1 (3).pdf', 'Adware', '{\"Adware\": 0.6909155553152388, \"Benign\": 0.13709538759049156, \"Trojan\": 0.17198905709426965}', '2025-05-17 03:22:33', 1, 8),
(11, 'scan_report_session_1 (2).pdf', 'Adware', '{\"Adware\": 0.6909155553152388, \"Benign\": 0.13709538759049156, \"Trojan\": 0.17198905709426965}', '2025-05-17 03:22:33', 1, 8),
(12, 'scan_report_session_1 (1).pdf', 'Adware', '{\"Adware\": 0.6909155553152388, \"Benign\": 0.13709538759049156, \"Trojan\": 0.17198905709426965}', '2025-05-17 03:22:33', 1, 8),
(13, 'scan_report_session_2 (1).pdf', 'Adware', '{\"Adware\": 0.6909155553152388, \"Benign\": 0.13709538759049156, \"Trojan\": 0.17198905709426965}', '2025-05-18 17:01:01', 1, 34),
(14, 'scan_report_session_2.pdf', 'Adware', '{\"Adware\": 0.6909155553152388, \"Benign\": 0.13709538759049156, \"Trojan\": 0.17198905709426965}', '2025-05-18 17:01:01', 1, 34),
(15, 'Full_Reflection_Report.docx', 'Adware', '{\"Adware\": 0.7209155553152388, \"Benign\": 0.14209538759049156, \"Trojan\": 0.13698905709426965}', '2025-05-18 17:01:01', 1, 34),
(16, 'Final_Reflection_Report.docx', 'Adware', '{\"Adware\": 0.7209155553152388, \"Benign\": 0.14209538759049156, \"Trojan\": 0.13698905709426965}', '2025-05-18 17:01:01', 1, 34),
(17, 'scan_report_session_1 (3).pdf', 'Adware', '{\"Adware\": 0.6909155553152388, \"Benign\": 0.13709538759049156, \"Trojan\": 0.17198905709426965}', '2025-05-18 17:01:08', 1, 35);

-- --------------------------------------------------------

--
-- Table structure for table `roles`
--

CREATE TABLE `roles` (
  `id` int(11) NOT NULL,
  `name` varchar(50) NOT NULL
) ENGINE=InnoDB DEFAULT CHARSET=utf8mb4 COLLATE=utf8mb4_unicode_ci;

--
-- Dumping data for table `roles`
--

INSERT INTO `roles` (`id`, `name`) VALUES
(1, 'Admin'),
(2, 'User');

-- --------------------------------------------------------

--
-- Table structure for table `scan_results`
--

CREATE TABLE `scan_results` (
  `id` int(11) NOT NULL,
  `filename` varchar(255) DEFAULT NULL,
  `result` varchar(255) DEFAULT NULL,
  `scanned_at` datetime DEFAULT NULL
) ENGINE=InnoDB DEFAULT CHARSET=utf8mb4 COLLATE=utf8mb4_unicode_ci;

-- --------------------------------------------------------

--
-- Table structure for table `scan_sessions`
--

CREATE TABLE `scan_sessions` (
  `id` int(11) NOT NULL,
  `scanned_at` datetime DEFAULT current_timestamp(),
  `user_id` int(11) DEFAULT NULL
) ENGINE=InnoDB DEFAULT CHARSET=utf8mb4 COLLATE=utf8mb4_unicode_ci;

--
-- Dumping data for table `scan_sessions`
--

INSERT INTO `scan_sessions` (`id`, `scanned_at`, `user_id`) VALUES
(1, '2025-05-16 23:24:29', 1),
(2, '2025-05-16 23:24:46', 1),
(3, '2025-05-17 02:59:10', 1),
(4, '2025-05-17 02:59:16', 1),
(5, '2025-05-17 02:59:36', 1),
(6, '2025-05-17 03:09:05', 1),
(7, '2025-05-17 03:18:03', 1),
(8, '2025-05-17 03:22:33', 1),
(9, '2025-05-18 16:37:14', 1),
(10, '2025-05-18 16:37:32', 1),
(11, '2025-05-18 16:38:57', 1),
(12, '2025-05-18 16:39:04', 1),
(13, '2025-05-18 16:39:49', 1),
(14, '2025-05-18 16:40:01', 1),
(15, '2025-05-18 16:41:28', 1),
(16, '2025-05-18 16:44:17', 1),
(17, '2025-05-18 16:47:56', 1),
(18, '2025-05-18 16:49:20', 1),
(19, '2025-05-18 16:49:45', 1),
(20, '2025-05-18 16:50:47', 1),
(21, '2025-05-18 16:51:32', 1),
(22, '2025-05-18 16:52:04', 1),
(23, '2025-05-18 16:52:26', 1),
(24, '2025-05-18 16:52:54', 1),
(25, '2025-05-18 16:53:16', 1),
(26, '2025-05-18 16:53:52', 1),
(27, '2025-05-18 16:54:49', 1),
(28, '2025-05-18 16:55:19', 1),
(29, '2025-05-18 16:56:44', 1),
(30, '2025-05-18 16:57:25', 1),
(31, '2025-05-18 16:58:07', 1),
(32, '2025-05-18 16:58:31', 1),
(33, '2025-05-18 17:00:29', 1),
(34, '2025-05-18 17:01:01', 1),
(35, '2025-05-18 17:01:08', 1),
(36, '2025-05-21 17:41:45', 1);

-- --------------------------------------------------------

--
-- Table structure for table `training_sessions`
--

CREATE TABLE `training_sessions` (
  `id` int(11) NOT NULL,
  `filename` varchar(255) NOT NULL,
  `model_path` varchar(255) NOT NULL,
  `accuracy` float NOT NULL,
  `uploaded_at` datetime DEFAULT current_timestamp(),
  `uploaded_by` int(11) DEFAULT NULL
) ENGINE=InnoDB DEFAULT CHARSET=utf8mb4 COLLATE=utf8mb4_unicode_ci;

--
-- Dumping data for table `training_sessions`
--

INSERT INTO `training_sessions` (`id`, `filename`, `model_path`, `accuracy`, `uploaded_at`, `uploaded_by`) VALUES
(1, 'malware_sample_data.csv', 'saved_models/model_5267e2ee.pkl', 66.6667, '2025-05-17 02:51:26', 1),
(2, 'malware_sample_data.csv', 'saved_models/model_f7d95457.pkl', 66.6667, '2025-05-17 02:56:50', 1),
(3, 'malware_sample_data.csv', 'saved_models/model_7c161c7c.pkl', 66.6667, '2025-05-17 03:17:31', 1),
(4, 'malware_sample_data.csv', 'saved_models/model_00bfae11.pkl', 66.6667, '2025-05-18 16:36:45', 1),
(5, 'malware_sample_data.csv', 'saved_models/model_cdb27d4d.pkl', 66.6667, '2025-05-18 17:00:15', 1),
(6, 'malware_dataset(trojan,ransomware).csv', 'saved_models/model_dcbb7b0a.pkl', 24.7, '2025-05-21 17:45:23', 1),
(7, 'synthetic_malware_dataset.csv', 'saved_models/model_edcb652f.pkl', 24.3, '2025-05-21 17:47:21', 1),
(8, 'patterned_synthetic_malware_dataset.csv', 'saved_models/model_ff83961c.pkl', 98, '2025-05-21 18:10:07', 1);

-- --------------------------------------------------------

--
-- Table structure for table `users`
--

CREATE TABLE `users` (
  `id` int(11) NOT NULL,
  `username` varchar(50) DEFAULT NULL,
  `email` varchar(100) DEFAULT NULL,
  `password` varchar(255) DEFAULT NULL,
  `role_id` int(11) DEFAULT NULL
) ENGINE=InnoDB DEFAULT CHARSET=utf8mb4 COLLATE=utf8mb4_unicode_ci;

--
-- Dumping data for table `users`
--

INSERT INTO `users` (`id`, `username`, `email`, `password`, `role_id`) VALUES
(1, 'admin', 'admin@mail.com', '$2b$12$jZNQYBiw0GJPfQsdnZ4ll.v.UwGGCW/fUI1QudiKu9Js7Y9iuEVXe', 1);

--
-- Indexes for dumped tables
--

--
-- Indexes for table `prediction_histories`
--
ALTER TABLE `prediction_histories`
  ADD PRIMARY KEY (`id`),
  ADD KEY `user_id` (`user_id`),
  ADD KEY `session_id` (`session_id`),
  ADD KEY `ix_prediction_histories_id` (`id`);

--
-- Indexes for table `roles`
--
ALTER TABLE `roles`
  ADD PRIMARY KEY (`id`),
  ADD UNIQUE KEY `name` (`name`),
  ADD KEY `ix_roles_id` (`id`);

--
-- Indexes for table `scan_results`
--
ALTER TABLE `scan_results`
  ADD PRIMARY KEY (`id`),
  ADD KEY `ix_scan_results_id` (`id`);

--
-- Indexes for table `scan_sessions`
--
ALTER TABLE `scan_sessions`
  ADD PRIMARY KEY (`id`),
  ADD KEY `user_id` (`user_id`),
  ADD KEY `ix_scan_sessions_id` (`id`);

--
-- Indexes for table `training_sessions`
--
ALTER TABLE `training_sessions`
  ADD PRIMARY KEY (`id`),
  ADD KEY `uploaded_by` (`uploaded_by`),
  ADD KEY `ix_training_sessions_id` (`id`);

--
-- Indexes for table `users`
--
ALTER TABLE `users`
  ADD PRIMARY KEY (`id`),
  ADD UNIQUE KEY `email` (`email`),
  ADD UNIQUE KEY `ix_users_username` (`username`),
  ADD KEY `role_id` (`role_id`),
  ADD KEY `ix_users_id` (`id`);

--
-- AUTO_INCREMENT for dumped tables
--

--
-- AUTO_INCREMENT for table `prediction_histories`
--
ALTER TABLE `prediction_histories`
  MODIFY `id` int(11) NOT NULL AUTO_INCREMENT, AUTO_INCREMENT=18;

--
-- AUTO_INCREMENT for table `roles`
--
ALTER TABLE `roles`
  MODIFY `id` int(11) NOT NULL AUTO_INCREMENT, AUTO_INCREMENT=3;

--
-- AUTO_INCREMENT for table `scan_results`
--
ALTER TABLE `scan_results`
  MODIFY `id` int(11) NOT NULL AUTO_INCREMENT;

--
-- AUTO_INCREMENT for table `scan_sessions`
--
ALTER TABLE `scan_sessions`
  MODIFY `id` int(11) NOT NULL AUTO_INCREMENT, AUTO_INCREMENT=37;

--
-- AUTO_INCREMENT for table `training_sessions`
--
ALTER TABLE `training_sessions`
  MODIFY `id` int(11) NOT NULL AUTO_INCREMENT, AUTO_INCREMENT=9;

--
-- AUTO_INCREMENT for table `users`
--
ALTER TABLE `users`
  MODIFY `id` int(11) NOT NULL AUTO_INCREMENT, AUTO_INCREMENT=2;

--
-- Constraints for dumped tables
--

--
-- Constraints for table `prediction_histories`
--
ALTER TABLE `prediction_histories`
  ADD CONSTRAINT `prediction_histories_ibfk_1` FOREIGN KEY (`user_id`) REFERENCES `users` (`id`),
  ADD CONSTRAINT `prediction_histories_ibfk_2` FOREIGN KEY (`session_id`) REFERENCES `scan_sessions` (`id`);

--
-- Constraints for table `scan_sessions`
--
ALTER TABLE `scan_sessions`
  ADD CONSTRAINT `scan_sessions_ibfk_1` FOREIGN KEY (`user_id`) REFERENCES `users` (`id`);

--
-- Constraints for table `training_sessions`
--
ALTER TABLE `training_sessions`
  ADD CONSTRAINT `training_sessions_ibfk_1` FOREIGN KEY (`uploaded_by`) REFERENCES `users` (`id`);

--
-- Constraints for table `users`
--
ALTER TABLE `users`
  ADD CONSTRAINT `users_ibfk_1` FOREIGN KEY (`role_id`) REFERENCES `roles` (`id`);
COMMIT;

/*!40101 SET CHARACTER_SET_CLIENT=@OLD_CHARACTER_SET_CLIENT */;
/*!40101 SET CHARACTER_SET_RESULTS=@OLD_CHARACTER_SET_RESULTS */;
/*!40101 SET COLLATION_CONNECTION=@OLD_COLLATION_CONNECTION */;
